#,"Date Time, GMT+00:00","Temp, Â°C (LGR S/N: 10755220, SEN S/N: 10755220)",V4,Coupler Attached (LGR S/N: 10755220),Host Connected (LGR S/N: 10755220),Stopped (LGR S/N: 10755220),End Of File (LGR S/N: 10755220)
4,2019-05-30 21:00,6.661,,"","","",""
8,2019-05-31 1:00,7.695,,"","","",""
12,2019-05-31 5:00,7.569,,"","","",""
16,2019-05-31 9:00,6.509,,"","","",""
20,2019-05-31 13:00,6.788,,"","","",""
24,2019-05-31 17:00,6.839,,"","","",""
28,2019-05-31 21:00,7.192,,"","","",""
32,2019-06-01 1:00,7.594,,"","","",""
36,2019-06-01 5:00,7.544,,"","","",""
40,2019-06-01 9:00,6.661,,"","","",""
44,2019-06-01 13:00,7.242,,"","","",""
48,2019-06-01 17:00,7.318,,"","","",""
52,2019-06-01 21:00,8.344,,"","","",""
56,2019-06-02 1:00,6.864,,"","","",""
60,2019-06-02 5:00,8.494,,"","","",""
64,2019-06-02 9:00,6.636,,"","","",""
68,2019-06-02 13:00,6.408,,"","","",""
72,2019-06-02 17:00,7.268,,"","","",""
76,2019-06-02 21:00,7.041,,"","","",""
80,2019-06-03 1:00,7.167,,"","","",""
84,2019-06-03 5:00,7.167,,"","","",""
88,2019-06-03 9:00,6.889,,"","","",""
92,2019-06-03 13:00,6.889,,"","","",""
96,2019-06-03 17:00,6.813,,"","","",""
100,2019-06-03 21:00,7.444,,"","","",""
104,2019-06-04 1:00,6.813,,"","","",""
108,2019-06-04 5:00,6.433,,"","","",""
112,2019-06-04 9:00,7.293,,"","","",""
116,2019-06-04 13:00,6.788,,"","","",""
120,2019-06-04 17:00,7.015,,"","","",""
124,2019-06-04 21:00,7.519,,"","","",""
128,2019-06-05 1:00,7.217,,"","","",""
132,2019-06-05 5:00,6.687,,"","","",""
136,2019-06-05 9:00,7.091,,"","","",""
140,2019-06-05 13:00,6.636,,"","","",""
144,2019-06-05 17:00,6.357,,"","","",""
148,2019-06-05 21:00,6.687,,"","","",""
152,2019-06-06 1:00,6.763,,"","","",""
156,2019-06-06 5:00,5.719,,"","","",""
160,2019-06-06 9:00,6.535,,"","","",""
164,2019-06-06 13:00,5.898,,"","","",""
168,2019-06-06 17:00,5.616,,"","","",""
172,2019-06-06 21:00,6.23,,"","","",""
176,2019-06-07 1:00,6.661,,"","","",""
180,2019-06-07 5:00,6.813,,"","","",""
184,2019-06-07 9:00,7.116,,"","","",""
188,2019-06-07 13:00,6.281,,"","","",""
192,2019-06-07 17:00,6.357,,"","","",""
196,2019-06-07 21:00,8.22,,"","","",""
200,2019-06-08 1:00,8.916,,"","","",""
204,2019-06-08 5:00,6.864,,"","","",""
208,2019-06-08 9:00,7.92,,"","","",""
212,2019-06-08 13:00,8.369,,"","","",""
216,2019-06-08 17:00,7.945,,"","","",""
220,2019-06-08 21:00,8.17,,"","","",""
224,2019-06-09 1:00,5.77,,"","","",""
228,2019-06-09 5:00,5.514,,"","","",""
232,2019-06-09 9:00,6.23,,"","","",""
236,2019-06-09 13:00,8.369,,"","","",""
240,2019-06-09 17:00,8.419,,"","","",""
244,2019-06-09 21:00,7.92,,"","","",""
248,2019-06-10 1:00,7.594,,"","","",""
252,2019-06-10 5:00,8.27,,"","","",""
256,2019-06-10 9:00,8.295,,"","","",""
260,2019-06-10 13:00,8.369,,"","","",""
264,2019-06-10 17:00,6.914,,"","","",""
268,2019-06-10 21:00,9.089,,"","","",""
272,2019-06-11 1:00,9.558,,"","","",""
276,2019-06-11 5:00,9.657,,"","","",""
280,2019-06-11 9:00,9.485,,"","","",""
284,2019-06-11 13:00,9.238,,"","","",""
288,2019-06-11 17:00,8.17,,"","","",""
292,2019-06-11 21:00,9.336,,"","","",""
296,2019-06-12 1:00,9.41,,"","","",""
300,2019-06-12 5:00,10.467,,"","","",""
304,2019-06-12 9:00,11.078,,"","","",""
308,2019-06-12 13:00,11.637,,"","","",""
312,2019-06-12 17:00,10.198,,"","","",""
316,2019-06-12 21:00,6.788,,"","","",""
320,2019-06-13 1:00,6.051,,"","","",""
324,2019-06-13 5:00,6.56,,"","","",""
328,2019-06-13 9:00,8.17,,"","","",""
332,2019-06-13 13:00,9.089,,"","","",""
336,2019-06-13 17:00,9.312,,"","","",""
340,2019-06-13 21:00,8.643,,"","","",""
344,2019-06-14 1:00,8.494,,"","","",""
348,2019-06-14 5:00,9.064,,"","","",""
352,2019-06-14 9:00,7.419,,"","","",""
356,2019-06-14 13:00,9.163,,"","","",""
360,2019-06-14 17:00,9.952,,"","","",""
364,2019-06-14 21:00,9.583,,"","","",""
368,2019-06-15 1:00,9.064,,"","","",""
372,2019-06-15 5:00,9.682,,"","","",""
376,2019-06-15 9:00,8.742,,"","","",""
380,2019-06-15 13:00,8.965,,"","","",""
384,2019-06-15 17:00,8.817,,"","","",""
388,2019-06-15 21:00,10.467,,"","","",""
392,2019-06-16 1:00,9.854,,"","","",""
396,2019-06-16 5:00,10.198,,"","","",""
400,2019-06-16 9:00,8.543,,"","","",""
404,2019-06-16 13:00,8.767,,"","","",""
408,2019-06-16 17:00,8.99,,"","","",""
412,2019-06-16 21:00,9.632,,"","","",""
416,2019-06-17 1:00,9.534,,"","","",""
420,2019-06-17 5:00,8.419,,"","","",""
424,2019-06-17 9:00,9.361,,"","","",""
428,2019-06-17 13:00,7.343,,"","","",""
432,2019-06-17 17:00,7.995,,"","","",""
436,2019-06-17 21:00,9.657,,"","","",""
440,2019-06-18 1:00,8.99,,"","","",""
444,2019-06-18 5:00,10.858,,"","","",""
448,2019-06-18 9:00,9.188,,"","","",""
452,2019-06-18 13:00,8.02,,"","","",""
456,2019-06-18 17:00,7.77,,"","","",""
460,2019-06-18 21:00,9.583,,"","","",""
464,2019-06-19 1:00,10.663,,"","","",""
468,2019-06-19 5:00,10.222,,"","","",""
472,2019-06-19 9:00,9.731,,"","","",""
476,2019-06-19 13:00,7.167,,"","","",""
480,2019-06-19 17:00,8.568,,"","","",""
484,2019-06-19 21:00,10.198,,"","","",""
488,2019-06-20 1:00,8.494,,"","","",""
492,2019-06-20 5:00,8.668,,"","","",""
496,2019-06-20 9:00,9.509,,"","","",""
500,2019-06-20 13:00,8.643,,"","","",""
504,2019-06-20 17:00,8.693,,"","","",""
508,2019-06-20 21:00,9.287,,"","","",""
512,2019-06-21 1:00,8.369,,"","","",""
516,2019-06-21 5:00,10.026,,"","","",""
520,2019-06-21 9:00,11.053,,"","","",""
524,2019-06-21 13:00,8.519,,"","","",""
528,2019-06-21 17:00,12.025,,"","","",""
532,2019-06-21 21:00,11.662,,"","","",""
536,2019-06-22 1:00,11.516,,"","","",""
540,2019-06-22 5:00,12.122,,"","","",""
544,2019-06-22 9:00,11.394,,"","","",""
548,2019-06-22 13:00,11.224,,"","","",""
552,2019-06-22 17:00,10.883,,"","","",""
556,2019-06-22 21:00,10.785,,"","","",""
560,2019-06-23 1:00,7.795,,"","","",""
564,2019-06-23 5:00,7.217,,"","","",""
568,2019-06-23 9:00,7.041,,"","","",""
572,2019-06-23 13:00,8.866,,"","","",""
576,2019-06-23 17:00,10.443,,"","","",""
580,2019-06-23 21:00,9.706,,"","","",""
584,2019-06-24 1:00,9.114,,"","","",""
588,2019-06-24 5:00,9.213,,"","","",""
592,2019-06-24 9:00,9.805,,"","","",""
596,2019-06-24 13:00,10.663,,"","","",""
600,2019-06-24 17:00,11.053,,"","","",""
604,2019-06-24 21:00,10.785,,"","","",""
608,2019-06-25 1:00,10.173,,"","","",""
612,2019-06-25 5:00,10.198,,"","","",""
616,2019-06-25 9:00,10.858,,"","","",""
620,2019-06-25 13:00,11.102,,"","","",""
624,2019-06-25 17:00,9.361,,"","","",""
628,2019-06-25 21:00,11.54,,"","","",""
632,2019-06-26 1:00,12.025,,"","","",""
636,2019-06-26 5:00,12.654,,"","","",""
640,2019-06-26 9:00,11.759,,"","","",""
644,2019-06-26 13:00,11.832,,"","","",""
648,2019-06-26 17:00,11.297,,"","","",""
652,2019-06-26 21:00,12.92,,"","","",""
656,2019-06-27 1:00,13.473,,"","","",""
660,2019-06-27 5:00,11.807,,"","","",""
664,2019-06-27 9:00,12.727,,"","","",""
668,2019-06-27 13:00,13.377,,"","","",""
672,2019-06-27 17:00,13.016,,"","","",""
676,2019-06-27 21:00,13.016,,"","","",""
680,2019-06-28 1:00,13.305,,"","","",""
684,2019-06-28 5:00,12.968,,"","","",""
688,2019-06-28 9:00,13.016,,"","","",""
692,2019-06-28 13:00,13.016,,"","","",""
696,2019-06-28 17:00,13.064,,"","","",""
700,2019-06-28 21:00,13.137,,"","","",""
704,2019-06-29 1:00,13.618,,"","","",""
708,2019-06-29 5:00,13.353,,"","","",""
712,2019-06-29 9:00,13.088,,"","","",""
716,2019-06-29 13:00,13.401,,"","","",""
720,2019-06-29 17:00,13.137,,"","","",""
724,2019-06-29 21:00,12.92,,"","","",""
728,2019-06-30 1:00,13.064,,"","","",""
732,2019-06-30 5:00,13.088,,"","","",""
736,2019-06-30 9:00,12.654,,"","","",""
740,2019-06-30 13:00,12.847,,"","","",""
744,2019-06-30 17:00,12.147,,"","","",""
748,2019-06-30 21:00,11.102,,"","","",""
752,2019-07-01 1:00,12.268,,"","","",""
756,2019-07-01 5:00,12.703,,"","","",""
760,2019-07-01 9:00,12.703,,"","","",""
764,2019-07-01 13:00,12.437,,"","","",""
768,2019-07-01 17:00,13.257,,"","","",""
772,2019-07-01 21:00,12.703,,"","","",""
776,2019-07-02 1:00,12.606,,"","","",""
780,2019-07-02 5:00,12.582,,"","","",""
784,2019-07-02 9:00,12.437,,"","","",""
788,2019-07-02 13:00,12.219,,"","","",""
792,2019-07-02 17:00,12.268,,"","","",""
796,2019-07-02 21:00,12.074,,"","","",""
800,2019-07-03 1:00,11.953,,"","","",""
804,2019-07-03 5:00,11.613,,"","","",""
808,2019-07-03 9:00,11.832,,"","","",""
812,2019-07-03 13:00,12.171,,"","","",""
816,2019-07-03 17:00,13.305,,"","","",""
820,2019-07-03 21:00,11.807,,"","","",""
824,2019-07-04 1:00,13.088,,"","","",""
828,2019-07-04 5:00,13.353,,"","","",""
832,2019-07-04 9:00,13.666,,"","","",""
836,2019-07-04 13:00,12.122,,"","","",""
840,2019-07-04 17:00,13.209,,"","","",""
844,2019-07-04 21:00,13.449,,"","","",""
848,2019-07-05 1:00,13.81,,"","","",""
852,2019-07-05 5:00,13.425,,"","","",""
856,2019-07-05 9:00,13.57,,"","","",""
860,2019-07-05 13:00,11.321,,"","","",""
864,2019-07-05 17:00,12.582,,"","","",""
868,2019-07-05 21:00,14.385,,"","","",""
872,2019-07-06 1:00,14.936,,"","","",""
876,2019-07-06 5:00,14.385,,"","","",""
880,2019-07-06 9:00,14.816,,"","","",""
884,2019-07-06 13:00,12.534,,"","","",""
888,2019-07-06 17:00,12.001,,"","","",""
892,2019-07-06 21:00,11.929,,"","","",""
896,2019-07-07 1:00,12.654,,"","","",""
900,2019-07-07 5:00,10.907,,"","","",""
904,2019-07-07 9:00,12.05,,"","","",""
908,2019-07-07 13:00,11.783,,"","","",""
912,2019-07-07 17:00,10.443,,"","","",""
916,2019-07-07 21:00,9.829,,"","","",""
920,2019-07-08 1:00,11.88,,"","","",""
924,2019-07-08 5:00,12.727,,"","","",""
928,2019-07-08 9:00,12.703,,"","","",""
932,2019-07-08 13:00,11.71,,"","","",""
936,2019-07-08 17:00,11.005,,"","","",""
940,2019-07-08 21:00,11.856,,"","","",""
944,2019-07-09 1:00,13.185,,"","","",""
948,2019-07-09 5:00,13.401,,"","","",""
952,2019-07-09 9:00,12.968,,"","","",""
956,2019-07-09 13:00,12.316,,"","","",""
960,2019-07-09 17:00,13.425,,"","","",""
964,2019-07-09 21:00,11.492,,"","","",""
968,2019-07-10 1:00,10.712,,"","","",""
972,2019-07-10 5:00,9.287,,"","","",""
976,2019-07-10 9:00,10.907,,"","","",""
980,2019-07-10 13:00,13.69,,"","","",""
984,2019-07-10 17:00,13.714,,"","","",""
988,2019-07-10 21:00,12.606,,"","","",""
992,2019-07-11 1:00,10.98,,"","","",""
996,2019-07-11 5:00,9.632,,"","","",""
1000,2019-07-11 9:00,10.834,,"","","",""
1004,2019-07-11 13:00,11.953,,"","","",""
1008,2019-07-11 17:00,12.074,,"","","",""
1012,2019-07-11 21:00,11.783,,"","","",""
1016,2019-07-12 1:00,12.05,,"","","",""
1020,2019-07-12 5:00,12.582,,"","","",""
1024,2019-07-12 9:00,12.654,,"","","",""
1028,2019-07-12 13:00,12.896,,"","","",""
1032,2019-07-12 17:00,12.195,,"","","",""
1036,2019-07-12 21:00,12.847,,"","","",""
1040,2019-07-13 1:00,13.112,,"","","",""
1044,2019-07-13 5:00,13.112,,"","","",""
1048,2019-07-13 9:00,13.016,,"","","",""
1052,2019-07-13 13:00,12.823,,"","","",""
1056,2019-07-13 17:00,13.257,,"","","",""
1060,2019-07-13 21:00,13.329,,"","","",""
1064,2019-07-14 1:00,13.377,,"","","",""
1068,2019-07-14 5:00,13.425,,"","","",""
1072,2019-07-14 9:00,13.161,,"","","",""
1076,2019-07-14 13:00,13.642,,"","","",""
1080,2019-07-14 17:00,13.473,,"","","",""
1084,2019-07-14 21:00,13.522,,"","","",""
1088,2019-07-15 1:00,13.546,,"","","",""
1092,2019-07-15 5:00,13.546,,"","","",""
1096,2019-07-15 9:00,13.666,,"","","",""
1100,2019-07-15 13:00,13.714,,"","","",""
1104,2019-07-15 17:00,13.81,,"","","",""
1108,2019-07-15 21:00,14.266,,"","","",""
1112,2019-07-16 1:00,14.433,,"","","",""
1116,2019-07-16 5:00,14.385,,"","","",""
1120,2019-07-16 9:00,13.257,,"","","",""
1124,2019-07-16 13:00,13.449,,"","","",""
1128,2019-07-16 17:00,14.481,,"","","",""
1132,2019-07-16 21:00,13.137,,"","","",""
1136,2019-07-17 1:00,13.786,,"","","",""
1140,2019-07-17 5:00,13.786,,"","","",""
1144,2019-07-17 9:00,14.266,,"","","",""
1148,2019-07-17 13:00,13.594,,"","","",""
1152,2019-07-17 17:00,13.377,,"","","",""
1156,2019-07-17 21:00,13.906,,"","","",""
1160,2019-07-18 1:00,14.433,,"","","",""
1164,2019-07-18 5:00,13.233,,"","","",""
1168,2019-07-18 9:00,14.218,,"","","",""
1172,2019-07-18 13:00,14.697,,"","","",""
1176,2019-07-18 17:00,13.04,,"","","",""
1180,2019-07-18 21:00,13.137,,"","","",""
1184,2019-07-19 1:00,14.721,,"","","",""
1188,2019-07-19 5:00,14.888,,"","","",""
1192,2019-07-19 9:00,15.223,,"","","",""
1196,2019-07-19 13:00,14.337,,"","","",""
1200,2019-07-19 17:00,15.27,,"","","",""
1204,2019-07-19 21:00,15.7,,"","","",""
1208,2019-07-20 1:00,16.082,,"","","",""
1212,2019-07-20 5:00,15.557,,"","","",""
1216,2019-07-20 9:00,15.724,,"","","",""
1220,2019-07-20 13:00,15.485,,"","","",""
1224,2019-07-20 17:00,14.314,,"","","",""
1228,2019-07-20 21:00,14.816,,"","","",""
1232,2019-07-21 1:00,15.605,,"","","",""
1236,2019-07-21 5:00,14.385,,"","","",""
1240,2019-07-21 9:00,15.557,,"","","",""
1244,2019-07-21 13:00,13.93,,"","","",""
1248,2019-07-21 17:00,13.906,,"","","",""
1252,2019-07-21 21:00,14.816,,"","","",""
1256,2019-07-22 1:00,15.151,,"","","",""
1260,2019-07-22 5:00,15.175,,"","","",""
1264,2019-07-22 9:00,13.666,,"","","",""
1268,2019-07-22 13:00,13.473,,"","","",""
1272,2019-07-22 17:00,12.968,,"","","",""
1276,2019-07-22 21:00,13.642,,"","","",""
1280,2019-07-23 1:00,15.294,,"","","",""
1284,2019-07-23 5:00,16.129,,"","","",""
1288,2019-07-23 9:00,16.106,,"","","",""
1292,2019-07-23 13:00,15.247,,"","","",""
1296,2019-07-23 17:00,13.594,,"","","",""
1300,2019-07-23 21:00,15.724,,"","","",""
1304,2019-07-24 1:00,16.725,,"","","",""
1308,2019-07-24 5:00,16.439,,"","","",""
1312,2019-07-24 9:00,16.939,,"","","",""
1316,2019-07-24 13:00,17.106,,"","","",""
1320,2019-07-24 17:00,15.939,,"","","",""
1324,2019-07-24 21:00,16.915,,"","","",""
1328,2019-07-25 1:00,17.13,,"","","",""
1332,2019-07-25 5:00,17.177,,"","","",""
1336,2019-07-25 9:00,16.844,,"","","",""
1340,2019-07-25 13:00,16.439,,"","","",""
1344,2019-07-25 17:00,16.868,,"","","",""
1348,2019-07-25 21:00,16.82,,"","","",""
1352,2019-07-26 1:00,17.32,,"","","",""
1356,2019-07-26 5:00,17.605,,"","","",""
1360,2019-07-26 9:00,16.963,,"","","",""
1364,2019-07-26 13:00,17.13,,"","","",""
1368,2019-07-26 17:00,16.153,,"","","",""
1372,2019-07-26 21:00,17.558,,"","","",""
1376,2019-07-27 1:00,17.701,,"","","",""
1380,2019-07-27 5:00,18.152,,"","","",""
1384,2019-07-27 9:00,18.01,,"","","",""
1388,2019-07-27 13:00,18.01,,"","","",""
1392,2019-07-27 17:00,15.986,,"","","",""
1396,2019-07-27 21:00,17.582,,"","","",""
1400,2019-07-28 1:00,17.867,,"","","",""
1404,2019-07-28 5:00,18.438,,"","","",""
1408,2019-07-28 9:00,18.224,,"","","",""
1412,2019-07-28 13:00,18.414,,"","","",""
1416,2019-07-28 17:00,16.987,,"","","",""
1420,2019-07-28 21:00,18.39,,"","","",""
1424,2019-07-29 1:00,19.199,,"","","",""
1428,2019-07-29 5:00,19.222,,"","","",""
1432,2019-07-29 9:00,18.699,,"","","",""
1436,2019-07-29 13:00,18.152,,"","","",""
1440,2019-07-29 17:00,18.366,,"","","",""
1444,2019-07-29 21:00,18.224,,"","","",""
1448,2019-07-30 1:00,18.343,,"","","",""
1452,2019-07-30 5:00,17.962,,"","","",""
1456,2019-07-30 9:00,17.296,,"","","",""
1460,2019-07-30 13:00,15.247,,"","","",""
1464,2019-07-30 17:00,14.577,,"","","",""
1468,2019-07-30 21:00,16.868,,"","","",""
1472,2019-07-31 1:00,13.522,,"","","",""
1476,2019-07-31 5:00,16.153,,"","","",""
1480,2019-07-31 9:00,15.318,,"","","",""
1484,2019-07-31 13:00,13.329,,"","","",""
1488,2019-07-31 17:00,13.618,,"","","",""
1492,2019-07-31 21:00,15.939,,"","","",""
1496,2019-08-01 1:00,16.082,,"","","",""
1500,2019-08-01 5:00,16.463,,"","","",""
1504,2019-08-01 9:00,15.652,,"","","",""
1508,2019-08-01 13:00,14.29,,"","","",""
1512,2019-08-01 17:00,14.337,,"","","",""
1516,2019-08-01 21:00,15.963,,"","","",""
1520,2019-08-02 1:00,15.605,,"","","",""
1524,2019-08-02 5:00,14.409,,"","","",""
1528,2019-08-02 9:00,16.654,,"","","",""
1532,2019-08-02 13:00,14.266,,"","","",""
1536,2019-08-02 17:00,16.272,,"","","",""
1540,2019-08-02 21:00,13.738,,"","","",""
1544,2019-08-03 1:00,15.079,,"","","",""
1548,2019-08-03 5:00,15.342,,"","","",""
1552,2019-08-03 9:00,15.652,,"","","",""
1556,2019-08-03 13:00,12.534,,"","","",""
1560,2019-08-03 17:00,13.714,,"","","",""
1564,2019-08-03 21:00,14.146,,"","","",""
1568,2019-08-04 1:00,15.151,,"","","",""
1572,2019-08-04 5:00,13.497,,"","","",""
1576,2019-08-04 9:00,13.93,,"","","",""
1580,2019-08-04 13:00,14.697,,"","","",""
1584,2019-08-04 17:00,12.534,,"","","",""
1588,2019-08-04 21:00,12.074,,"","","",""
1592,2019-08-05 1:00,13.738,,"","","",""
1596,2019-08-05 5:00,13.954,,"","","",""
1600,2019-08-05 9:00,14.505,,"","","",""
1604,2019-08-05 13:00,13.954,,"","","",""
1608,2019-08-05 17:00,13.329,,"","","",""
1612,2019-08-05 21:00,10.687,,"","","",""
1616,2019-08-06 1:00,12.389,,"","","",""
1620,2019-08-06 5:00,12.751,,"","","",""
1624,2019-08-06 9:00,12.944,,"","","",""
1628,2019-08-06 13:00,12.171,,"","","",""
1632,2019-08-06 17:00,11.029,,"","","",""
1636,2019-08-06 21:00,13.064,,"","","",""
1640,2019-08-07 1:00,14.074,,"","","",""
1644,2019-08-07 5:00,14.242,,"","","",""
1648,2019-08-07 9:00,14.337,,"","","",""
1652,2019-08-07 13:00,13.978,,"","","",""
1656,2019-08-07 17:00,11.613,,"","","",""
1660,2019-08-07 21:00,14.553,,"","","",""
1664,2019-08-08 1:00,15.079,,"","","",""
1668,2019-08-08 5:00,14.553,,"","","",""
1672,2019-08-08 9:00,14.721,,"","","",""
1676,2019-08-08 13:00,14.96,,"","","",""
1680,2019-08-08 17:00,14.625,,"","","",""
1684,2019-08-08 21:00,15.031,,"","","",""
1688,2019-08-09 1:00,15.175,,"","","",""
1692,2019-08-09 5:00,13.906,,"","","",""
1696,2019-08-09 9:00,14.361,,"","","",""
1700,2019-08-09 13:00,15.342,,"","","",""
1704,2019-08-09 17:00,15.605,,"","","",""
1708,2019-08-09 21:00,15.7,,"","","",""
1712,2019-08-10 1:00,15.485,,"","","",""
1716,2019-08-10 5:00,15.748,,"","","",""
1720,2019-08-10 9:00,15.819,,"","","",""
1724,2019-08-10 13:00,15.724,,"","","",""
1728,2019-08-10 17:00,15.676,,"","","",""
1732,2019-08-10 21:00,15.509,,"","","",""
1736,2019-08-11 1:00,15.652,,"","","",""
1740,2019-08-11 5:00,15.891,,"","","",""
1744,2019-08-11 9:00,15.939,,"","","",""
1748,2019-08-11 13:00,15.748,,"","","",""
1752,2019-08-11 17:00,15.055,,"","","",""
1756,2019-08-11 21:00,14.888,,"","","",""
1760,2019-08-12 1:00,14.697,,"","","",""
1764,2019-08-12 5:00,15.223,,"","","",""
1768,2019-08-12 9:00,15.031,,"","","",""
1772,2019-08-12 13:00,12.461,,"","","",""
1776,2019-08-12 17:00,11.807,,"","","",""
1780,2019-08-12 21:00,13.016,,"","","",""
1784,2019-08-13 1:00,12.025,,"","","",""
1788,2019-08-13 5:00,12.678,,"","","",""
1792,2019-08-13 9:00,13.185,,"","","",""
1796,2019-08-13 13:00,10.345,,"","","",""
1800,2019-08-13 17:00,11.005,,"","","",""
1804,2019-08-13 21:00,11.467,,"","","",""
1808,2019-08-14 1:00,10.761,,"","","",""
1812,2019-08-14 5:00,11.297,,"","","",""
1816,2019-08-14 9:00,12.147,,"","","",""
1820,2019-08-14 13:00,12.34,,"","","",""
1824,2019-08-14 17:00,11.54,,"","","",""
1828,2019-08-14 21:00,12.437,,"","","",""
1832,2019-08-15 1:00,13.522,,"","","",""
1836,2019-08-15 5:00,14.577,,"","","",""
1840,2019-08-15 9:00,13.377,,"","","",""
1844,2019-08-15 13:00,12.968,,"","","",""
1848,2019-08-15 17:00,14.314,,"","","",""
1852,2019-08-15 21:00,14.05,,"","","",""
1856,2019-08-16 1:00,15.318,,"","","",""
1860,2019-08-16 5:00,15.39,,"","","",""
1864,2019-08-16 9:00,14.553,,"","","",""
1868,2019-08-16 13:00,13.594,,"","","",""
1872,2019-08-16 17:00,13.714,,"","","",""
1876,2019-08-16 21:00,13.882,,"","","",""
1880,2019-08-17 1:00,13.93,,"","","",""
1884,2019-08-17 5:00,15.676,,"","","",""
1888,2019-08-17 9:00,15.581,,"","","",""
1892,2019-08-17 13:00,15.461,,"","","",""
1896,2019-08-17 17:00,15.629,,"","","",""
1900,2019-08-17 21:00,15.939,,"","","",""
1904,2019-08-18 1:00,15.915,,"","","",""
1908,2019-08-18 5:00,16.701,,"","","",""
1912,2019-08-18 9:00,16.82,,"","","",""
1916,2019-08-18 13:00,16.32,,"","","",""
1920,2019-08-18 17:00,17.034,,"","","",""
1924,2019-08-18 21:00,17.153,,"","","",""
1928,2019-08-19 1:00,17.106,,"","","",""
1932,2019-08-19 5:00,18.01,,"","","",""
1936,2019-08-19 9:00,18.247,,"","","",""
1940,2019-08-19 13:00,16.272,,"","","",""
1944,2019-08-19 17:00,17.153,,"","","",""
1948,2019-08-19 21:00,17.653,,"","","",""
1952,2019-08-20 1:00,17.938,,"","","",""
1956,2019-08-20 5:00,18.033,,"","","",""
1960,2019-08-20 9:00,18.224,,"","","",""
1964,2019-08-20 13:00,18.081,,"","","",""
1968,2019-08-20 17:00,18.723,,"","","",""
1972,2019-08-20 21:00,17.558,,"","","",""
1976,2019-08-21 1:00,18.557,,"","","",""
1980,2019-08-21 5:00,18.771,,"","","",""
1984,2019-08-21 9:00,18.771,,"","","",""
1988,2019-08-21 13:00,18.461,,"","","",""
1992,2019-08-21 17:00,18.01,,"","","",""
1996,2019-08-21 21:00,18.961,,"","","",""
2000,2019-08-22 1:00,19.341,,"","","",""
2004,2019-08-22 5:00,19.294,,"","","",""
2008,2019-08-22 9:00,19.294,,"","","",""
2012,2019-08-22 13:00,17.748,,"","","",""
2016,2019-08-22 17:00,18.533,,"","","",""
2020,2019-08-22 21:00,18.366,,"","","",""
2024,2019-08-23 1:00,18.366,,"","","",""
2028,2019-08-23 5:00,17.772,,"","","",""
2032,2019-08-23 9:00,17.13,,"","","",""
2036,2019-08-23 13:00,16.106,,"","","",""
2040,2019-08-23 17:00,17.439,,"","","",""
2044,2019-08-23 21:00,18.366,,"","","",""
2048,2019-08-24 1:00,17.962,,"","","",""
2052,2019-08-24 5:00,18.033,,"","","",""
2056,2019-08-24 9:00,17.867,,"","","",""
2060,2019-08-24 13:00,17.439,,"","","",""
2064,2019-08-24 17:00,17.558,,"","","",""
2068,2019-08-24 21:00,17.106,,"","","",""
2072,2019-08-25 1:00,14.936,,"","","",""
2076,2019-08-25 5:00,13.449,,"","","",""
2080,2019-08-25 9:00,14.026,,"","","",""
2084,2019-08-25 13:00,15.796,,"","","",""
2088,2019-08-25 17:00,16.106,,"","","",""
2092,2019-08-25 21:00,16.439,,"","","",""
2096,2019-08-26 1:00,16.868,,"","","",""
2100,2019-08-26 5:00,16.892,,"","","",""
2104,2019-08-26 9:00,17.439,,"","","",""
2108,2019-08-26 13:00,17.558,,"","","",""
2112,2019-08-26 17:00,17.391,,"","","",""
2116,2019-08-26 21:00,17.391,,"","","",""
2120,2019-08-27 1:00,17.439,,"","","",""
2124,2019-08-27 5:00,17.368,,"","","",""
2128,2019-08-27 9:00,17.391,,"","","",""
2132,2019-08-27 13:00,17.249,,"","","",""
2136,2019-08-27 17:00,17.153,,"","","",""
2140,2019-08-27 21:00,17.177,,"","","",""
2144,2019-08-28 1:00,17.13,,"","","",""
2148,2019-08-28 5:00,17.082,,"","","",""
2152,2019-08-28 9:00,17.106,,"","","",""
2156,2019-08-28 13:00,17.153,,"","","",""
2160,2019-08-28 17:00,17.391,,"","","",""
2164,2019-08-28 21:00,17.605,,"","","",""
2168,2019-08-29 1:00,17.558,,"","","",""
2172,2019-08-29 5:00,17.463,,"","","",""
2176,2019-08-29 9:00,17.344,,"","","",""
2180,2019-08-29 13:00,17.439,,"","","",""
2184,2019-08-29 17:00,17.51,,"","","",""
2188,2019-08-29 21:00,17.558,,"","","",""
2192,2019-08-30 1:00,17.653,,"","","",""
2196,2019-08-30 5:00,17.677,,"","","",""
2200,2019-08-30 9:00,17.724,,"","","",""
2204,2019-08-30 13:00,17.701,,"","","",""
2208,2019-08-30 17:00,18.414,,"","","",""
2212,2019-08-30 21:00,18.343,,"","","",""
2216,2019-08-31 1:00,17.915,,"","","",""
2220,2019-08-31 5:00,17.962,,"","","",""
2224,2019-08-31 9:00,17.891,,"","","",""
2228,2019-08-31 13:00,17.986,,"","","",""
2232,2019-08-31 17:00,18.105,,"","","",""
2236,2019-08-31 21:00,18.414,,"","","",""
2240,2019-09-01 1:00,18.414,,"","","",""
2244,2019-09-01 5:00,18.366,,"","","",""
2248,2019-09-01 9:00,18.105,,"","","",""
2252,2019-09-01 13:00,18.033,,"","","",""
2256,2019-09-01 17:00,18.247,,"","","",""
2260,2019-09-01 21:00,18.033,,"","","",""
2264,2019-09-02 1:00,18.01,,"","","",""
2268,2019-09-02 5:00,18.224,,"","","",""
2272,2019-09-02 9:00,18.129,,"","","",""
2276,2019-09-02 13:00,17.677,,"","","",""
2280,2019-09-02 17:00,18.176,,"","","",""
2284,2019-09-02 21:00,18.247,,"","","",""
2288,2019-09-03 1:00,18.319,,"","","",""
2292,2019-09-03 5:00,18.319,,"","","",""
2296,2019-09-03 9:00,18.343,,"","","",""
2300,2019-09-03 13:00,18.39,,"","","",""
2304,2019-09-03 17:00,18.295,,"","","",""
2308,2019-09-03 21:00,18.39,,"","","",""
2312,2019-09-04 1:00,18.652,,"","","",""
2316,2019-09-04 5:00,18.652,,"","","",""
2320,2019-09-04 9:00,18.604,,"","","",""
2324,2019-09-04 13:00,18.557,,"","","",""
2328,2019-09-04 17:00,18.675,,"","","",""
2332,2019-09-04 21:00,18.604,,"","","",""
2336,2019-09-05 1:00,18.723,,"","","",""
2340,2019-09-05 5:00,18.771,,"","","",""
2344,2019-09-05 9:00,18.771,,"","","",""
2348,2019-09-05 13:00,18.818,,"","","",""
2352,2019-09-05 17:00,19.056,,"","","",""
2356,2019-09-05 21:00,19.413,,"","","",""
2360,2019-09-06 1:00,19.222,,"","","",""
2364,2019-09-06 5:00,18.961,,"","","",""
2368,2019-09-06 9:00,18.675,,"","","",""
2372,2019-09-06 13:00,18.652,,"","","",""
2376,2019-09-06 17:00,18.129,,"","","",""
2380,2019-09-06 21:00,18.675,,"","","",""
2384,2019-09-07 1:00,18.866,,"","","",""
2388,2019-09-07 5:00,18.818,,"","","",""
2392,2019-09-07 9:00,18.557,,"","","",""
2396,2019-09-07 13:00,18.39,,"","","",""
2400,2019-09-07 17:00,18.271,,"","","",""
2404,2019-09-07 21:00,17.772,,"","","",""
2408,2019-09-08 1:00,17.986,,"","","",""
2412,2019-09-08 5:00,17.724,,"","","",""
2416,2019-09-08 9:00,17.486,,"","","",""
2420,2019-09-08 13:00,17.415,,"","","",""
2424,2019-09-08 17:00,17.463,,"","","",""
2428,2019-09-08 21:00,17.13,,"","","",""
2432,2019-09-09 1:00,16.963,,"","","",""
2436,2019-09-09 5:00,16.987,,"","","",""
2440,2019-09-09 9:00,16.939,,"","","",""
2444,2019-09-09 13:00,16.868,,"","","",""
2448,2019-09-09 17:00,17.011,,"","","",""
2452,2019-09-09 21:00,17.034,,"","","",""
2456,2019-09-10 1:00,16.796,,"","","",""
2460,2019-09-10 5:00,16.868,,"","","",""
2464,2019-09-10 9:00,16.82,,"","","",""
2468,2019-09-10 13:00,16.749,,"","","",""
2472,2019-09-10 17:00,16.677,,"","","",""
2476,2019-09-10 21:00,16.153,,"","","",""
2480,2019-09-11 1:00,16.511,,"","","",""
2484,2019-09-11 5:00,16.868,,"","","",""
2488,2019-09-11 9:00,16.773,,"","","",""
2492,2019-09-11 13:00,16.582,,"","","",""
2496,2019-09-11 17:00,16.392,,"","","",""
2500,2019-09-11 21:00,16.177,,"","","",""
2504,2019-09-12 1:00,16.177,,"","","",""
2508,2019-09-12 5:00,15.748,,"","","",""
2512,2019-09-12 9:00,15.7,,"","","",""
2516,2019-09-12 13:00,15.438,,"","","",""
2520,2019-09-12 17:00,14.936,,"","","",""
2524,2019-09-12 21:00,12.025,,"","","",""
2528,2019-09-13 1:00,11.977,,"","","",""
2532,2019-09-13 5:00,13.497,,"","","",""
2536,2019-09-13 9:00,13.714,,"","","",""
2540,2019-09-13 13:00,13.738,,"","","",""
2544,2019-09-13 17:00,13.858,,"","","",""
2548,2019-09-13 21:00,13.93,,"","","",""
2552,2019-09-14 1:00,13.834,,"","","",""
2556,2019-09-14 5:00,13.642,,"","","",""
2560,2019-09-14 9:00,13.666,,"","","",""
2564,2019-09-14 13:00,13.618,,"","","",""
2568,2019-09-14 17:00,13.762,,"","","",""
2572,2019-09-14 21:00,13.834,,"","","",""
2576,2019-09-15 1:00,13.858,,"","","",""
2580,2019-09-15 5:00,13.834,,"","","",""
2584,2019-09-15 9:00,13.882,,"","","",""
2588,2019-09-15 13:00,13.954,,"","","",""
2592,2019-09-15 17:00,14.218,,"","","",""
2596,2019-09-15 21:00,14.146,,"","","",""
2600,2019-09-16 1:00,14.314,,"","","",""
2604,2019-09-16 5:00,14.409,,"","","",""
2608,2019-09-16 9:00,14.218,,"","","",""
2612,2019-09-16 13:00,14.218,,"","","",""
2616,2019-09-16 17:00,14.625,,"","","",""
2620,2019-09-16 21:00,14.553,,"","","",""
2624,2019-09-17 1:00,14.409,,"","","",""
2628,2019-09-17 5:00,14.314,,"","","",""
2632,2019-09-17 9:00,14.146,,"","","",""
2636,2019-09-17 13:00,14.122,,"","","",""
2640,2019-09-17 17:00,14.098,,"","","",""
2644,2019-09-17 21:00,13.762,,"","","",""
2648,2019-09-18 1:00,13.81,,"","","",""
2652,2019-09-18 5:00,13.786,,"","","",""
2656,2019-09-18 9:00,13.642,,"","","",""
2660,2019-09-18 13:00,13.69,,"","","",""
2664,2019-09-18 17:00,13.954,,"","","",""
2668,2019-09-18 21:00,13.81,,"","","",""
2672,2019-09-19 1:00,13.906,,"","","",""
2676,2019-09-19 5:00,13.786,,"","","",""
2680,2019-09-19 9:00,13.69,,"","","",""
2684,2019-09-19 13:00,13.69,,"","","",""
2688,2019-09-19 17:00,13.93,,"","","",""
2692,2019-09-19 21:00,13.786,,"","","",""
2696,2019-09-20 1:00,13.738,,"","","",""
2700,2019-09-20 5:00,13.666,,"","","",""
2704,2019-09-20 9:00,13.522,,"","","",""
2708,2019-09-20 13:00,13.666,,"","","",""
2712,2019-09-20 17:00,13.618,,"","","",""
2716,2019-09-20 21:00,13.93,,"","","",""
2720,2019-09-21 1:00,14.146,,"","","",""
2724,2019-09-21 5:00,14.194,,"","","",""
2728,2019-09-21 9:00,14.242,,"","","",""
2732,2019-09-21 13:00,14.266,,"","","",""
2736,2019-09-21 17:00,14.361,,"","","",""
2740,2019-09-21 21:00,14.481,,"","","",""
2744,2019-09-22 1:00,14.433,,"","","",""
2748,2019-09-22 5:00,14.122,,"","","",""
2752,2019-09-22 9:00,14.098,,"","","",""
2756,2019-09-22 13:00,14.098,,"","","",""
2760,2019-09-22 17:00,14.242,,"","","",""
2764,2019-09-22 21:00,14.194,,"","","",""
2768,2019-09-23 1:00,14.17,,"","","",""
2772,2019-09-23 5:00,14.194,,"","","",""
2776,2019-09-23 9:00,14.29,,"","","",""
2780,2019-09-23 13:00,14.314,,"","","",""
2784,2019-09-23 17:00,14.481,,"","","",""
2788,2019-09-23 21:00,14.625,,"","","",""
2792,2019-09-24 1:00,14.529,,"","","",""
2796,2019-09-24 5:00,14.457,,"","","",""
2800,2019-09-24 9:00,14.553,,"","","",""
2804,2019-09-24 13:00,14.505,,"","","",""
2808,2019-09-24 17:00,14.361,,"","","",""
2812,2019-09-24 21:00,14.385,,"","","",""
2816,2019-09-25 1:00,14.409,,"","","",""
2820,2019-09-25 5:00,14.457,,"","","",""
2824,2019-09-25 9:00,12.896,,"","","",""
2828,2019-09-25 13:00,14.218,,"","","",""
2832,2019-09-25 17:00,14.361,,"","","",""
2836,2019-09-25 21:00,14.96,,"","","",""
2840,2019-09-26 1:00,14.888,,"","","",""
2844,2019-09-26 5:00,14.84,,"","","",""
2848,2019-09-26 9:00,14.697,,"","","",""
2852,2019-09-26 13:00,14.625,,"","","",""
2856,2019-09-26 17:00,14.673,,"","","",""
2860,2019-09-26 21:00,14.433,,"","","",""
2864,2019-09-27 1:00,14.361,,"","","",""
2868,2019-09-27 5:00,14.266,,"","","",""
2872,2019-09-27 9:00,14.337,,"","","",""
2876,2019-09-27 13:00,14.29,,"","","",""
2880,2019-09-27 17:00,14.409,,"","","",""
2884,2019-09-27 21:00,14.481,,"","","",""
2888,2019-09-28 1:00,14.481,,"","","",""
2892,2019-09-28 5:00,14.29,,"","","",""
2896,2019-09-28 9:00,14.146,,"","","",""
2900,2019-09-28 13:00,14.074,,"","","",""
2904,2019-09-28 17:00,13.93,,"","","",""
2908,2019-09-28 21:00,14.242,,"","","",""
2912,2019-09-29 1:00,14.337,,"","","",""
2916,2019-09-29 5:00,14.29,,"","","",""
2920,2019-09-29 9:00,14.17,,"","","",""
2924,2019-09-29 13:00,14.29,,"","","",""
2928,2019-09-29 17:00,14.433,,"","","",""
2932,2019-09-29 21:00,14.505,,"","","",""
2936,2019-09-30 1:00,14.218,,"","","",""
2940,2019-09-30 5:00,14.002,,"","","",""
2944,2019-09-30 9:00,13.81,,"","","",""
2948,2019-09-30 13:00,13.666,,"","","",""
2952,2019-09-30 17:00,13.786,,"","","",""
2956,2019-09-30 21:00,13.834,,"","","",""
2960,2019-10-01 1:00,13.522,,"","","",""
2964,2019-10-01 5:00,13.353,,"","","",""
2968,2019-10-01 9:00,13.161,,"","","",""
2972,2019-10-01 13:00,13.257,,"","","",""
2976,2019-10-01 17:00,13.257,,"","","",""
2980,2019-10-01 21:00,13.185,,"","","",""
2984,2019-10-02 1:00,13.137,,"","","",""
2988,2019-10-02 5:00,13.209,,"","","",""
2992,2019-10-02 9:00,13.161,,"","","",""
2996,2019-10-02 13:00,13.185,,"","","",""
3000,2019-10-02 17:00,13.353,,"","","",""
3004,2019-10-02 21:00,13.281,,"","","",""
3008,2019-10-03 1:00,13.112,,"","","",""
3012,2019-10-03 5:00,12.944,,"","","",""
3016,2019-10-03 9:00,12.751,,"","","",""
3020,2019-10-03 13:00,12.63,,"","","",""
3024,2019-10-03 17:00,12.678,,"","","",""
3028,2019-10-03 21:00,12.703,,"","","",""
3032,2019-10-04 1:00,12.606,,"","","",""
3036,2019-10-04 5:00,12.534,,"","","",""
3040,2019-10-04 9:00,12.485,,"","","",""
3044,2019-10-04 13:00,12.413,,"","","",""
3048,2019-10-04 17:00,12.316,,"","","",""
3052,2019-10-04 21:00,12.292,,"","","",""
3056,2019-10-05 1:00,12.219,,"","","",""
3060,2019-10-05 5:00,12.219,,"","","",""
3064,2019-10-05 9:00,12.147,,"","","",""
3068,2019-10-05 13:00,12.074,,"","","",""
3072,2019-10-05 17:00,12.147,,"","","",""
3076,2019-10-05 21:00,12.195,,"","","",""
3080,2019-10-06 1:00,12.195,,"","","",""
3084,2019-10-06 5:00,12.171,,"","","",""
3088,2019-10-06 9:00,12.147,,"","","",""
3092,2019-10-06 13:00,12.147,,"","","",""
3096,2019-10-06 17:00,12.171,,"","","",""
3100,2019-10-06 21:00,12.147,,"","","",""
3104,2019-10-07 1:00,12.098,,"","","",""
3108,2019-10-07 5:00,12.098,,"","","",""
3112,2019-10-07 9:00,12.098,,"","","",""
3116,2019-10-07 13:00,12.05,,"","","",""
3120,2019-10-07 17:00,12.292,,"","","",""
3124,2019-10-07 21:00,12.34,,"","","",""
3128,2019-10-08 1:00,12.413,,"","","",""
3132,2019-10-08 5:00,12.364,,"","","",""
3136,2019-10-08 9:00,12.389,,"","","",""
3140,2019-10-08 13:00,12.534,,"","","",""
3144,2019-10-08 17:00,12.654,,"","","",""
3148,2019-10-08 21:00,12.799,,"","","",""
3152,2019-10-09 1:00,12.775,,"","","",""
3156,2019-10-09 5:00,12.678,,"","","",""
3160,2019-10-09 9:00,12.558,,"","","",""
3164,2019-10-09 13:00,12.509,,"","","",""
3168,2019-10-09 17:00,12.703,,"","","",""
3172,2019-10-09 21:00,12.461,,"","","",""
3176,2019-10-10 1:00,12.509,,"","","",""
3180,2019-10-10 5:00,12.461,,"","","",""
3184,2019-10-10 9:00,12.485,,"","","",""
3188,2019-10-10 13:00,12.413,,"","","",""
3192,2019-10-10 17:00,12.461,,"","","",""
3196,2019-10-10 21:00,12.461,,"","","",""
3200,2019-10-11 1:00,12.389,,"","","",""
3204,2019-10-11 5:00,12.34,,"","","",""
3208,2019-10-11 9:00,12.292,,"","","",""
3212,2019-10-11 13:00,12.292,,"","","",""
3216,2019-10-11 17:00,12.34,,"","","",""
3220,2019-10-11 21:00,12.219,,"","","",""
3224,2019-10-12 1:00,12.171,,"","","",""
3228,2019-10-12 5:00,12.122,,"","","",""
3232,2019-10-12 9:00,12.05,,"","","",""
3236,2019-10-12 13:00,12.001,,"","","",""
3240,2019-10-12 17:00,12.025,,"","","",""
3244,2019-10-12 21:00,12.074,,"","","",""
3248,2019-10-13 1:00,12.122,,"","","",""
3252,2019-10-13 5:00,12.122,,"","","",""
3256,2019-10-13 9:00,12.098,,"","","",""
3260,2019-10-13 13:00,12.098,,"","","",""
3264,2019-10-13 17:00,12.219,,"","","",""
3268,2019-10-13 21:00,12.195,,"","","",""
3272,2019-10-14 1:00,12.147,,"","","",""
3276,2019-10-14 5:00,11.977,,"","","",""
3280,2019-10-14 9:00,11.977,,"","","",""
3284,2019-10-14 13:00,12.074,,"","","",""
3288,2019-10-14 17:00,12.025,,"","","",""
3292,2019-10-14 21:00,12.147,,"","","",""
3296,2019-10-15 1:00,12.098,,"","","",""
3300,2019-10-15 5:00,12.05,,"","","",""
3304,2019-10-15 9:00,12.05,,"","","",""
3308,2019-10-15 13:00,12.098,,"","","",""
3312,2019-10-15 17:00,12.122,,"","","",""
3316,2019-10-15 21:00,12.171,,"","","",""
3320,2019-10-16 1:00,12.098,,"","","",""
3324,2019-10-16 5:00,12.001,,"","","",""
3328,2019-10-16 9:00,11.953,,"","","",""
3332,2019-10-16 13:00,11.953,,"","","",""
3336,2019-10-16 17:00,12.074,,"","","",""
3340,2019-10-16 21:00,12.05,,"","","",""
3344,2019-10-17 1:00,11.929,,"","","",""
3348,2019-10-17 5:00,11.977,,"","","",""
3352,2019-10-17 9:00,11.977,,"","","",""
3356,2019-10-17 13:00,11.832,,"","","",""
3360,2019-10-17 17:00,11.832,,"","","",""
3364,2019-10-17 21:00,12.025,,"","","",""
3368,2019-10-18 1:00,12.025,,"","","",""
3372,2019-10-18 5:00,11.977,,"","","",""
3376,2019-10-18 9:00,11.953,,"","","",""
3380,2019-10-18 13:00,11.88,,"","","",""
3384,2019-10-18 17:00,11.977,,"","","",""
3388,2019-10-18 21:00,12.025,,"","","",""
3392,2019-10-19 1:00,11.904,,"","","",""
3396,2019-10-19 5:00,11.904,,"","","",""
3400,2019-10-19 9:00,11.832,,"","","",""
3404,2019-10-19 13:00,11.856,,"","","",""
3408,2019-10-19 14:49,,,"","",Logged,Logged
